<?xml version="1.0" encoding="UTF-8"?>
<Configuration status="WARN" monitorInterval="30">

    <!-- 变量定义 -->
    <Properties>
        <Property name="LOG_PATTERN">
            %d{yyyy-MM-dd HH:mm:ss.SSS} [%t] %-5level %logger{36} - %msg%n
        </Property>
        <Property name="LOG_DIR">./logs</Property>
    </Properties>

    <!-- 输出源配置 -->
    <Appenders>
        <!-- 控制台输出 -->
        <Console name="Console" target="SYSTEM_OUT">
            <PatternLayout pattern="${LOG_PATTERN}"/>
            <ThresholdFilter level="DEBUG" onMatch="ACCEPT" onMismatch="DENY"/>
        </Console>

        <!-- 文件输出 - 所有日志 -->
        <RollingFile name="FileAppender" fileName="${LOG_DIR}/application.log"
                     filePattern="${LOG_DIR}/application-%d{yyyy-MM-dd}-%i.log.gz">
            <PatternLayout pattern="${LOG_PATTERN}"/>
            <Policies>
                <TimeBasedTriggeringPolicy/>
                <SizeBasedTriggeringPolicy size="100MB"/>
            </Policies>
            <DefaultRolloverStrategy max="10"/>
        </RollingFile>

        <!-- 错误日志单独文件 -->
        <RollingFile name="RollingFileAppender"
                     fileName="${LOG_DIR}/application.log"
                     filePattern="${LOG_DIR}/application-%d{yyyy-MM-dd}-%i.log.gz">
            <PatternLayout pattern="${LOG_PATTERN}"/>
            <Policies>
                <!-- 基于时间的滚动策略 -->
                <TimeBasedTriggeringPolicy/>
                <!-- 基于文件大小的滚动策略 -->
                <SizeBasedTriggeringPolicy size="100MB"/>
            </Policies>
            <!-- 保留文件数量 -->
            <DefaultRolloverStrategy max="10"/>
        </RollingFile>
    </Appenders>

    <!-- 日志器配置 -->
    <Loggers>
        <!-- Spring框架日志 -->
        <Logger name="org.springframework" level="INFO" additivity="false">
            <AppenderRef ref="Console"/>
            <AppenderRef ref="FileAppender"/>
        </Logger>

        <!-- Hibernate日志 -->
        <Logger name="org.hibernate" level="INFO" additivity="false">
            <AppenderRef ref="Console"/>
            <AppenderRef ref="FileAppender"/>
        </Logger>

        <!-- 应用程序日志 -->
        <Logger name="org.example.springboot" level="DEBUG" additivity="false">
            <AppenderRef ref="Console"/>
            <AppenderRef ref="FileAppender"/>
            <AppenderRef ref="ErrorAppender"/>
        </Logger>

        <!-- 根日志器 -->
        <Root level="INFO">
            <AppenderRef ref="Console"/>
            <AppenderRef ref="FileAppender"/>
            <AppenderRef ref="ErrorAppender"/>
        </Root>
    </Loggers>
</Configuration>